ime,datum_izdaje,cena,ocena_steam,stevilo_igralcev,igralni_cas
EVE Online,2010-12-15,19.99,59,344883,145:22
The Lord of the Rings Online,2012-06-06,Free,54,1975491,29:45
Path of Exile,2013-10-23,Free,88,5376451,49:39
RIFT,2011-03-01,Free,49,2432939,44:11
PlanetSide 2,2012-11-20,Free,61,6331146,28:24
FINAL FANTASY XIV: A Realm Reborn,2014-02-18,19.99,69,461305,198:44
EverQuest II,2011-12-07,Free,39,531789,33:13
WildStar,2016-06-09,Free,41,690291,05:40
Realm of the Mad God,2012-02-20,Free,56,2565667,19:01
War Thunder,2013-08-15,Free,59,9461213,43:03
Marvel Heroes 2015,2013-06-03,Free,52,4662665,29:45
Elite: Dangerous,2015-04-02,29.99,26,819863,60:27
ArcheAge,2015-03-26,Free,16,1014835,45:53
iRacing,2015-01-12,9.99,69,15955,39:35
Ragnarok,2013-10-31,Free,49,445700,21:28
Bloodline Champions,2011-10-28,Free,69,615774,10:29
TERA,2015-05-05,Free,56,3515277,26:34
WAKFU,2014-09-18,Free,52,1056038,20:25
Star Trek Online,2012-01-31,Free,45,1490166,81:05
Vindictus,2012-06-22,Free,43,900517,38:54
Star Conflict,2013-02-27,Free,56,1797176,14:12
Stronghold Kingdoms,2012-02-27,Free,28,1299578,87:37
Neverwinter,2013-12-05,Free,47,4133856,25:11
Cloud Chamber,2014-08-07,19.99,23,22969,03:45
The Secret World,2012-08-08,29.99,64,321037,44:48
Age of Wushu,2014-03-27,Free,20,47165,02:43
Champions Online: Free For All,2011-06-14,Free,43,718345,29:43
Block N Load Beta,2015-04-30,Free,43,1786130,07:41
DC Universe Online,2011-11-02,Free,56,2268300,25:30
The Crew,2014-12-01,29.99,28,314024,41:41
Fallen Earth,2012-02-22,Free,15,1820496,09:28
Global Agenda,2011-06-14,Free,45,402568,60:37
Forsaken World ,2011-06-14,Free,36,367325,100:25
CrimeCraft GangWars,2011-08-22,Free,10,735878,07:16
Prime World,2014-03-31,Free,22,526529,32:41
Dragon Saga,2015-12-22,Free,31,233370,05:53
Ryzom,2016-05-06,Free,16,95031,03:23
Defiance,2014-06-04,Free,47,3182142,16:39
Spiral Knights,2011-06-14,Free,61,2497462,21:55
Dragon's Prophet (EU),2013-09-18,Free,38,216363,15:46
Dragon's Prophet,2013-09-23,Free,24,134306,18:11
Devilian,2015-12-10,Free,18,366799,14:55
Spellweaver,2016-02-01,Free,41,158678,08:36
SAGA,2015-08-04,Free,9,81004,00:58
Firefall,2014-07-29,Free,28,2840591,12:56
The Castle Doctrine,2014-01-29,15.99,10,15429,14:50
Shattered Skies,2016-07-21,24.99,N/A,38223,23:14
Nether,2014-06-05,4.99,9,664166,11:17
Galaxy Control: 3D Strategy,2016-08-10,Free,6,81706,04:07
BattleStick,2016-05-06,Free,5,192517,00:36
H1Z1: King of the Kill Test Server,2016-02-24,Free,23,2693836,01:52
Lost World Zero,2016-02-12,9.99,7,9819,02:43
World of Soccer online,2015-08-26,Free,23,302802,02:21
Blitzkrieg 3,2015-05-06,26.99,26,36645,27:18
Asteroids: Outpost,2015-03-26,29.99,3,2630,00:49
Amazing World,2014-08-07,Free,43,550900,02:31
Lineage II,2015-11-12,Free,11,83108,23:50
Audition Online,2015-06-03,Free,24,341551,06:54
Ancients of Fasaria: Celestias Angelica MMORPG,2015-02-27,3.99,N/A,14027,04:55
The Four Kings Casino and Slots,2015-06-01,Free,34,309991,04:59
Age of Conan: Unchained - US version,2013-02-22,Free,36,180945,18:14
Big Bang Empire,2016-08-23,Free,N/A,32086,04:49
UFO Online: Invasion,2016-06-08,Free,12,127994,03:01
Khan: Absolute Power,2016-03-18,Free,9,58912,22:53
Pixel Survival - Craft Game,2016-01-14,0.99,7,8591,00:30
MicroVolts Surge,2012-07-05,Free,34,746573,07:12
LOKA - League of keepers Allysium,2016-08-02,29.99,N/A,514,01:14
Islet Online,2016-02-01,24.99,59,5085,16:04
Manyland,2015-12-07,8.99,64,8065,31:11
Ancients of Fasaria: Chess Club,2015-11-04,9.99,N/A,13325,03:13
Minimon,2015-03-25,9.99,20,9468,04:47
BattleSpace,2015-01-07,Free,3,113091,00:37
Line of Defense MMO,2014-09-16,9.99,0,1578,159:58
Prominence Poker,2016-05-18,Free,38,149911,03:18
Elite Dangerous: Arena,2016-02-16,7.49,9,278431,01:46
MechWarrior Online,2015-12-10,Free,47,819162,16:41
ABD: A Beautiful Day,2015-08-14,4.99,N/A,514,00:00
Out of Reach,2015-06-08,14.99,31,49444,13:17
Oort Online,2014-11-13,34.99,28,11923,05:17
Requiem,2015-03-04,Free,18,220395,04:30
Kings Bounty: Legions,2013-12-10,Free,12,208998,20:02
Legends of Azulgar,2016-08-18,Free,N/A,5260,00:06
Riding Out,2016-05-25,19.99,N/A,2131,01:02
World of Fishing,2016-09-06,Free,9,33840,01:09
Paradise Island - VR MMO,2015-12-23,0.99,15,264579,07:10
Astro Lords,2015-09-29,Free,28,59263,04:23
Uncrowded,2015-05-11,0.99,2,253358,02:25
Angels of Fasaria RPG + MMORPG,2014-12-09,12.99,22,25774,03:58
Darkwind: War on Wheels,2014-08-22,Free,6,201284,02:06
ROSE Online,2012-10-23,Free,31,413088,11:14
90 Minute Fever,2016-07-12,5.99,49,533,98:16
Tree of Savior (English Ver.),2016-03-28,Free,18,1458080,50:32
Tom Clancy's EndWar Online,2016-01-25,Free,4,250553,02:07
Piercing Blow,2015-11-10,Free,7,440966,08:15
Nebula Online,2016-01-05,4.99,7,80478,05:23
16 Bit Arena,2015-03-24,Free,32,108532,00:50
Fiesta Online NA,2014-05-20,Free,14,346636,14:17
La Tale,2014-06-17,Free,22,712734,04:46
DayZ,2013-12-16,34.99,32,3432344,76:31
Zezenia Online,2016-07-07,Free,32,41204,02:43
SurrealVR,2016-04-15,Free,N/A,44184,00:40
CABAL Online,2016-02-17,Free,18,169373,12:58
Sphere III: Enchanted World,2015-12-02,Free,8,114318,01:46
Karos Returns,2015-07-30,Free,38,124838,08:49
Cubic Castles,2014-08-13,Free,34,850196,05:45
Voice Of Pripyat,2014-11-19,6.99,7,6663,02:43
Elemental Heroes,2016-03-03,Free,16,59964,02:43
Heroes of Scene,2015-08-26,Free,12,233545,01:05
Break_In,2015-04-29,9.99,N/A,1066,01:30
The Slaughtering Grounds,2014-10-31,0.99,4,208648,03:23
Epic Space: Online,2014-05-08,14.99,1,2279,06:00
Panzar,2013-11-25,Free,24,1034998,09:52
C9,2012-09-13,Free,41,549322,10:43
Heroes of Shadow Guard,2016-08-03,Free,N/A,11046,00:42
UFO Online,2014-10-10,Free,N/A,1599,03:52
Infinity Wars - Animated Trading Card Game,2014-09-05,Free,56,572992,14:32
Age of Conan: Unchained - EU version,2013-02-22,Free,36,402743,15:58
Thanatos,2016-08-24,Free,5,21391,01:35
Dogfight Elite,2016-06-11,19.99,N/A,514,00:03
Techwars Online,2016-03-17,9.99,28,10871,03:30
Knight Online,2016-01-25,Free,7,1201917,54:59
Aion,2015-10-29,Free,38,187608,17:29
Trove,2015-07-09,Free,47,6389707,19:18
FACTIONS: Origins of Malu,2015-03-23,Free,N/A,1599,00:29
Hero Zero,2016-07-05,Free,36,210752,10:54
Allods Online RU,2016-01-26,Free,20,94505,08:49
Might & Magic Heroes Online,2015-11-24,Free,5,210927,05:56
Badland Bandits,2015-07-16,Free,12,47516,00:52
The Elder Scrolls Online: Tamriel Unlimited,2015-03-17,29.99,43,631203,58:56
Puzzle Pirates,2011-08-31,Free,52,352597,16:20
Dropship Down,2016-07-21,4.99,N/A,1227,00:14
Hero Battle,2016-04-28,9.99,45,8065,03:03
Tactical Craft Online,2016-02-12,Free,10,217765,01:41
LoveBeat,2016-01-13,Free,34,116773,09:40
Fishing Planet,2015-08-11,Free,49,1622193,08:47
Survival: Postapocalypse Now,2015-04-16,4.99,17,126241,08:24
Colonies Online,2014-05-01,14.99,7,12624,02:18
War of the Immortals,2012-08-30,Free,28,386437,10:28
Dig 4 Destruction,2016-08-14,11.99,93,1929,00:52
Forge of Gods (RPG),2016-05-06,Free,49,149911,12:32
Atom Universe,2016-03-04,Free,10,71186,00:18
Drift Streets Japan,2015-12-21,4.99,41,118877,08:44
Metal Reaper Online,2015-09-17,Free,30,185328,03:10
"Once Bitten, Twice Dead!",2015-07-07,4.99,0,22267,03:56
Transformice,2015-01-30,Free,56,1834523,12:59
Royal Quest,2014-08-06,Free,26,708175,11:40
NEStalgia,2014-04-15,14.99,49,25248,22:14
Dragon Nest,2012-12-18,Free,59,540906,28:13
Hide & Hold Out - H2o,2016-04-09,17.99,30,10695,17:30
Trinium Wars,2016-03-02,Free,15,198829,07:37
Gladiators Online: Death Before Dishonor,2015-11-04,Free,6,132553,01:52
Musclecar Online,2015-02-12,5.99,N/A,12449,00:53
Divine Souls,2014-08-15,Free,10,506190,00:53
Villagers and Heroes,2014-04-17,Free,15,640145,08:36
Football Superstars,2012-11-16,Free,13,439037,03:56
Kalonline,2016-07-13,Free,12,85563,34:34
Fantasy Tales Online,2016-05-05,Free,47,103623,01:23
Tower Unite,2016-04-08,14.99,59,34190,10:41
Ghost in the Shell: Stand Alone Complex - First Assault Online,2016-07-28,Free,31,913141,05:19
Assault CorpsII,2015-07-15,2.99,N/A,2981,00:52
Survarium,2015-04-02,Free,11,2771509,04:49
Uncharted Waters Online: Gran Atlas,2014-10-03,Free,24,236701,16:13
Hero Siege,2014-01-29,5.99,52,855807,11:11
Tree of Life: Beginning of a Journey,2015-05-27,13.99,47,76095,48:04
ShellShock Live,2015-03-11,6.99,69,445524,18:10
Wander,2015-06-04,8.99,3,1578,01:55
Atlantica,2012-06-29,Free,36,257566,82:37
Dungeon Fighter Online,2016-08-09,Free,61,178841,12:19
Boundel,2016-04-30,4.99,38,5786,00:36
TrackmaniaÂ® Turbo,2016-03-24,39.99,20,35944,13:13
Star Crusade CCG,2016-09-07,Free,41,97837,09:47
Wind of Luck: Arena,2015-08-18,Free,15,143774,03:04
Crossout,2016-08-24,29.99,49,5961,11:39
Screeps,2016-06-20,14.99,84,4559,45:17
Emporea,2016-06-08,Free,19,129221,06:39
Aftermath,2015-09-24,Free,7,1834698,04:57
Instinct,2015-06-01,1.99,2,10695,02:22
Navy Field 2 : Conqueror of the Ocean,2015-03-05,Free,9,514431,04:09
Eldevin,2014-11-05,Free,45,320511,10:00
Entropy,2013-12-09,19.99,4,20865,06:58
MapleStory,2012-08-09,Free,32,601923,41:24
Killbot,2016-07-10,1.99,N/A,1227,00:08
Forgotten Lore,2016-05-29,9.99,N/A,5961,04:14
Full Tilt Poker,2016-01-26,Free,5,60315,01:04
Heroes and Titans: Online,2015-11-12,Free,2,43132,07:17
Spy Bugs,2015-06-26,9.99,N/A,8241,03:57
Grand Chase,2015-07-17,Free,43,566856,06:58
City of Steam: Arkadia,2014-03-06,Free,19,300348,07:48
F.E.A.R. Online,2014-10-21,Free,6,960832,03:29
Strike.is: The Game,2016-07-14,Free,32,318758,00:49
Crazy Killer,2016-04-26,Free,8,185854,00:24
Lucent Heart F2P MMO,2016-02-11,Free,10,125539,01:42
Storm United,2015-04-17,19.99,23,24021,00:45
The Repopulation,2014-12-22,Free,26,36294,16:57
Creativerse,2014-08-12,Free,61,1838906,08:27
Ragnarok Online 2,2013-05-01,Free,19,1158784,17:32
Dungeons & Dragons Online,2012-06-25,Free,43,651016,19:12
Evolvation,2016-08-23,19.99,N/A,514,00:00
Riders of Icarus,2016-07-06,Free,20,1275557,13:04
Faeria,2016-02-29,Free,61,326122,09:02
Cards and Castles,2015-12-18,Free,30,92051,04:02
ARK: Survival Evolved,2015-06-02,29.99,31,3628894,108:54
Gates of Horizon,2014-12-18,9.99,28,2279,06:32
H1Z1,2015-01-15,19.99,24,2484487,61:48
Gloria Victis,2016-06-09,19.99,31,36294,25:14
PWI,2016-04-19,Free,8,72238,20:07
Hounds: The Last Hope,2016-01-27,34.99,26,3682,65:59
Battle Battalions,2015-11-03,Free,15,144300,01:36
Subspace Continuum,2015-07-03,Free,66,96434,02:53
Ascent - The Space Game,2016-04-11,19.99,39,16657,16:59
Miscreated,2014-10-30,9.99,30,257566,09:47
Jagged Alliance Online - Steam Edition,2013-06-05,Free,12,129046,11:18
Dragomon Hunter,2015-12-02,Free,16,396431,03:51
Choice Chamber,2015-07-16,9.99,32,84336,02:40
FreeStyle2: Street Basketball,2015-04-01,Free,39,3706041,13:16
sZone-Online,2015-12-29,Free,5,1627102,03:26
Aura Kingdom,2014-07-01,Free,52,2041417,15:42
Kingdom Wars,2013-04-01,Free,28,483221,09:20
APB Reloaded,2011-12-06,Free,25,4102998,26:08
Take Thy Throne,2016-07-05,3.99,39,7013,02:29
Imperia Online,2016-04-15,Free,4,60490,05:05
Elsword,2014-07-02,Free,52,1009224,23:29
Mabinogi,2012-12-06,Free,43,517411,62:03
Woodle Tree 2: Worlds,2016-07-27,3.99,81,2630,01:46
Atulos Online,2016-04-30,Free,31,42957,02:08
Governor of poker 3,2016-02-19,Free,34,285620,04:53
VEGA Conflict,2015-12-14,Free,19,311744,52:15
Otherland,2015-09-10,Free,16,6663,04:08
Alganon,2015-05-19,Free,4,85914,04:55
Shroud of the Avatar: Forsaken Virtues,2014-11-24,39.99,23,32437,32:49
My Lands,2014-09-16,Free,69,273697,22:02
Orake 2D MMORPG,2016-08-23,Free,N/A,4909,02:27
Age of Cavemen,2016-05-24,Free,14,139741,02:00
Age of Magic CCG,2016-03-20,Free,17,40678,09:06
Granado Espada,2016-01-07,Free,6,68030,06:30
Golden Rush,2015-09-23,Free,7,137988,07:46
Wrath of Athena,2015-05-29,Free,3,95733,00:58
Karos,2014-12-24,Free,11,318758,05:57
Landmark,2016-06-10,9.99,4,74166,15:07
Rust,2013-12-11,19.99,54,4357408,91:38
Dungeon Party,2013-03-13,Free,5,310692,00:20
Space Universe,2016-06-15,14.99,N/A,514,00:28
StarBreak,2016-05-10,Free,45,167444,03:04
Time of Dragons,2016-02-01,Free,32,474630,01:04
The Final Frontier: Space Simulator,2016-06-30,4.99,N/A,533,00:12
Lif,2016-01-21,8.99,19,3331,05:38
Dark Forester,2015-02-09,29.99,23,3507,00:16
Cannons Lasers Rockets,2014-08-25,Free,1,208297,00:16
Perpetuum,2014-10-17,9.99,34,16657,31:17
MIGHT,2016-07-13,4.99,N/A,4383,00:29
CONTASION 2,2016-04-22,6.99,N/A,2104,00:00
Heliborne,2016-02-15,9.99,52,17533,03:51
The Isle,2015-12-01,19.99,30,58211,30:53
Dream Of Mirror Online,2015-08-14,Free,10,166918,12:30
Selfie: Sisters of the Amniotic Lens,2015-05-08,4.99,28,13676,02:41
Warside,2015-05-05,Free,25,153067,01:21
Counter-Strike Nexon: Zombies,2014-10-07,Free,24,6302566,13:23
FINAL FANTASY XI: Ultimate Collection Seekers Edition NA,2013-04-19,39.99,N/A,16481,29:48
EverQuest Free-to-Play,2012-12-13,Free,32,393976,40:57
Shop Heroes,2016-08-15,Free,28,129572,12:18
Linkrealms,2016-05-19,19.99,N/A,1227,02:01
Shakes and Fidget,2016-02-24,Free,64,520217,38:04
Elements: Epic Heroes,2015-12-21,6.99,N/A,4559,00:19
Mortal Online,2015-08-31,Free,9,528984,06:06
WarBirds - World War II Combat Aviation,2015-05-05,14.99,N/A,3156,52:42
School of Dragons: How to Train Your Dragon,2014-12-04,Free,10,1058493,03:44
Guns and Robots,2014-08-04,Free,26,1098469,02:19
Happy Wars,2014-07-23,Free,45,1689171,03:47
Allods Online My.com,2016-06-03,Free,19,70309,06:28
ARK: Survival Of The Fittest,2016-03-15,Free,16,5521452,03:28
Naval Action,2016-01-21,39.99,49,78900,68:46
Lonath Online,2015-10-16,6.99,N/A,9468,02:39
Echo of Soul,2015-06-22,Free,19,498125,10:38
TDP4:Team Battle,2015-03-12,Free,4,193744,01:20
Face of Mankind,2014-07-17,Free,5,463409,03:03
ONRAID,2016-08-29,9.99,N/A,514,05:56
Forsaken Uprising,2014-12-03,2.99,3,165691,03:19
Infestation: Survivor Stories,2012-12-17,9.99,7,997301,42:41
Garlock Online,2016-05-30,Free,0,36820,00:11
Swordsman,2016-01-28,Free,12,279308,04:32
Affected Zone Tactics,2015-11-17,Free,24,52425,05:38
Aberoth,2015-07-17,Free,16,154294,08:38
TDP5 Arena 3D,2015-03-26,Free,7,143423,01:29
Redemption,2016-08-11,14.99,N/A,799,80:14
Madness Cubed,2016-05-12,5.99,32,1929,01:54
H1Z1: King of the Kill,2016-02-17,19.99,28,2693836,34:40
Metal War Online: Retribution,2015-12-01,Free,13,351896,01:51
M4 Tank Brigade,2015-08-17,14.99,N/A,877,02:11
Deepworld,2015-04-22,Free,18,191465,02:25
LEGO Minifigures Online,2015-06-29,29.99,26,7013,09:49
Panzer Warfare,2016-08-25,1.99,N/A,514,00:00
Pixel Day - Gun Z,2016-05-20,0.99,1,4208,00:13
Mystica: The Ninth Society,2016-03-06,1.99,N/A,6312,05:35
Divergence: Online,2016-01-06,29.99,28,1052,06:52
Fasaria World Online,2015-02-22,9.99,N/A,8767,03:24
Metro Conflict,2015-06-22,Free,12,506716,03:38
KWAAN,2016-01-21,9.99,45,12273,01:43
Xsyon - Prelude,2014-12-29,29.99,39,4208,14:57
8BitMMO,2015-01-26,Free,18,805135,01:07
LuckCatchers,2016-06-15,Free,11,90823,10:23
AltspaceVR,2016-03-31,Free,75,60841,01:10
"Warhammer 40,000 : Eternal Crusade",2016-01-26,39.99,30,59088,16:43
Steel Ocean,2015-11-12,Free,32,627346,08:39
The Black Watchmen,2015-08-27,14.99,72,11221,09:41
Immune,2015-03-25,Free,17,74692,03:35
Robocraft,2014-07-08,Free,39,10425201,18:17
Champions of Regnum,2013-02-27,Free,18,399412,08:59
Destiny of Ancient Kingdoms,2016-08-29,Free,23,15955,03:54
The SKIES,2016-04-16,Free,11,671355,01:59
Soccer Manager,2016-02-09,Free,19,142547,05:27
Legend of Dungeon: Masters,2015-11-30,Free,22,102395,00:59
RPG MO,2015-08-18,Free,45,241611,07:00
Red Stone Online,2015-04-01,Free,15,92051,02:16
RIP - Early Access,2014-10-31,7.99,20,64874,03:02
Xam,2014-07-15,Free,N/A,335414,00:30
Heroes & Generals,2014-07-11,Free,28,10385050,12:18
